abstraction,compression,config_id,difficulty,mastery_reuse_lag,reuse_emergence_step,seed,source_emergence_step,structure_emergence_step,structure_reuse_lag
concrete,high,v2_c-high_d-easy_a-concrete_p-moderate_s-00,easy,nan,nan,0,400,nan,nan
concrete,high,v2_c-high_d-easy_a-concrete_p-moderate_s-01,easy,nan,nan,1,400,nan,nan
concrete,high,v2_c-high_d-easy_a-concrete_p-moderate_s-02,easy,nan,nan,2,400,nan,nan
concrete,high,v2_c-high_d-easy_a-concrete_p-moderate_s-03,easy,nan,nan,3,400,nan,nan
concrete,high,v2_c-high_d-easy_a-concrete_p-moderate_s-04,easy,nan,nan,4,400,nan,nan
concrete,high,v2_c-high_d-easy_a-concrete_p-moderate_s-05,easy,nan,nan,5,400,nan,nan
concrete,high,v2_c-high_d-easy_a-concrete_p-tight_s-00,easy,nan,nan,0,400,nan,nan
concrete,high,v2_c-high_d-easy_a-concrete_p-tight_s-01,easy,nan,nan,1,400,nan,nan
concrete,high,v2_c-high_d-easy_a-concrete_p-tight_s-02,easy,nan,nan,2,700,nan,nan
concrete,high,v2_c-high_d-easy_a-concrete_p-tight_s-03,easy,nan,nan,3,700,nan,nan
concrete,high,v2_c-high_d-easy_a-concrete_p-tight_s-04,easy,nan,nan,4,400,nan,nan
concrete,high,v2_c-high_d-easy_a-concrete_p-tight_s-05,easy,nan,nan,5,400,nan,nan
concrete,high,v2_c-high_d-easy_a-concrete_p-wide_s-00,easy,nan,nan,0,400,nan,nan
concrete,high,v2_c-high_d-easy_a-concrete_p-wide_s-01,easy,nan,nan,1,400,nan,nan
concrete,high,v2_c-high_d-easy_a-concrete_p-wide_s-02,easy,nan,nan,2,400,nan,nan
concrete,high,v2_c-high_d-easy_a-concrete_p-wide_s-03,easy,0,400,3,400,nan,nan
concrete,high,v2_c-high_d-easy_a-concrete_p-wide_s-04,easy,nan,nan,4,200,nan,nan
concrete,high,v2_c-high_d-easy_a-concrete_p-wide_s-05,easy,0,400,5,400,nan,nan
invariant,high,v2_c-high_d-easy_a-invariant_p-moderate_s-00,easy,nan,nan,0,400,nan,nan
invariant,high,v2_c-high_d-easy_a-invariant_p-moderate_s-01,easy,nan,nan,1,400,nan,nan
invariant,high,v2_c-high_d-easy_a-invariant_p-moderate_s-02,easy,nan,nan,2,400,nan,nan
invariant,high,v2_c-high_d-easy_a-invariant_p-moderate_s-03,easy,nan,nan,3,400,nan,nan
invariant,high,v2_c-high_d-easy_a-invariant_p-moderate_s-04,easy,nan,nan,4,400,nan,nan
invariant,high,v2_c-high_d-easy_a-invariant_p-moderate_s-05,easy,nan,nan,5,400,nan,nan
invariant,high,v2_c-high_d-easy_a-invariant_p-tight_s-00,easy,nan,nan,0,400,nan,nan
invariant,high,v2_c-high_d-easy_a-invariant_p-tight_s-01,easy,nan,nan,1,400,nan,nan
invariant,high,v2_c-high_d-easy_a-invariant_p-tight_s-02,easy,nan,nan,2,700,nan,nan
invariant,high,v2_c-high_d-easy_a-invariant_p-tight_s-03,easy,nan,nan,3,700,nan,nan
invariant,high,v2_c-high_d-easy_a-invariant_p-tight_s-04,easy,nan,nan,4,400,nan,nan
invariant,high,v2_c-high_d-easy_a-invariant_p-tight_s-05,easy,nan,nan,5,400,nan,nan
invariant,high,v2_c-high_d-easy_a-invariant_p-wide_s-00,easy,nan,nan,0,400,nan,nan
invariant,high,v2_c-high_d-easy_a-invariant_p-wide_s-01,easy,nan,nan,1,400,nan,nan
invariant,high,v2_c-high_d-easy_a-invariant_p-wide_s-02,easy,nan,nan,2,400,nan,nan
invariant,high,v2_c-high_d-easy_a-invariant_p-wide_s-03,easy,0,400,3,400,nan,nan
invariant,high,v2_c-high_d-easy_a-invariant_p-wide_s-04,easy,nan,nan,4,200,nan,nan
invariant,high,v2_c-high_d-easy_a-invariant_p-wide_s-05,easy,nan,nan,5,400,nan,nan
latent,high,v2_c-high_d-easy_a-latent_p-moderate_s-00,easy,3600,4000,0,400,4000,0
latent,high,v2_c-high_d-easy_a-latent_p-moderate_s-01,easy,1600,2000,1,400,2000,0
latent,high,v2_c-high_d-easy_a-latent_p-moderate_s-02,easy,1600,2000,2,400,4000,-2000
latent,high,v2_c-high_d-easy_a-latent_p-moderate_s-03,easy,1600,2000,3,400,2000,0
latent,high,v2_c-high_d-easy_a-latent_p-moderate_s-04,easy,1600,2000,4,400,2000,0
latent,high,v2_c-high_d-easy_a-latent_p-moderate_s-05,easy,3600,4000,5,400,2000,2000
latent,high,v2_c-high_d-easy_a-latent_p-tight_s-00,easy,3600,4000,0,400,4000,0
latent,high,v2_c-high_d-easy_a-latent_p-tight_s-01,easy,nan,nan,1,400,nan,nan
latent,high,v2_c-high_d-easy_a-latent_p-tight_s-02,easy,3300,4000,2,700,4000,0
latent,high,v2_c-high_d-easy_a-latent_p-tight_s-03,easy,3600,4000,3,400,4000,0
latent,high,v2_c-high_d-easy_a-latent_p-tight_s-04,easy,3600,4000,4,400,4000,0
latent,high,v2_c-high_d-easy_a-latent_p-tight_s-05,easy,3600,4000,5,400,2000,2000
latent,high,v2_c-high_d-easy_a-latent_p-wide_s-00,easy,1600,2000,0,400,2000,0
latent,high,v2_c-high_d-easy_a-latent_p-wide_s-01,easy,3600,4000,1,400,4000,0
latent,high,v2_c-high_d-easy_a-latent_p-wide_s-02,easy,0,400,2,400,400,0
latent,high,v2_c-high_d-easy_a-latent_p-wide_s-03,easy,nan,nan,3,400,4000,nan
latent,high,v2_c-high_d-easy_a-latent_p-wide_s-04,easy,1600,2000,4,400,2000,0
latent,high,v2_c-high_d-easy_a-latent_p-wide_s-05,easy,1600,2000,5,400,2000,0
concrete,high,v2_c-high_d-hard_a-concrete_p-moderate_s-00,hard,nan,nan,0,700,nan,nan
concrete,high,v2_c-high_d-hard_a-concrete_p-moderate_s-01,hard,nan,nan,1,700,nan,nan
concrete,high,v2_c-high_d-hard_a-concrete_p-moderate_s-02,hard,nan,nan,2,700,nan,nan
concrete,high,v2_c-high_d-hard_a-concrete_p-moderate_s-03,hard,nan,nan,3,700,nan,nan
concrete,high,v2_c-high_d-hard_a-concrete_p-moderate_s-04,hard,nan,nan,4,700,nan,nan
concrete,high,v2_c-high_d-hard_a-concrete_p-moderate_s-05,hard,nan,nan,5,1000,nan,nan
concrete,high,v2_c-high_d-hard_a-concrete_p-tight_s-00,hard,nan,nan,0,1000,nan,nan
concrete,high,v2_c-high_d-hard_a-concrete_p-tight_s-01,hard,nan,nan,1,700,nan,nan
concrete,high,v2_c-high_d-hard_a-concrete_p-tight_s-02,hard,nan,nan,2,2000,nan,nan
concrete,high,v2_c-high_d-hard_a-concrete_p-tight_s-03,hard,nan,nan,3,1000,nan,nan
concrete,high,v2_c-high_d-hard_a-concrete_p-tight_s-04,hard,nan,nan,4,700,nan,nan
concrete,high,v2_c-high_d-hard_a-concrete_p-tight_s-05,hard,nan,nan,5,1000,nan,nan
concrete,high,v2_c-high_d-hard_a-concrete_p-wide_s-00,hard,300,700,0,400,nan,nan
concrete,high,v2_c-high_d-hard_a-concrete_p-wide_s-01,hard,nan,nan,1,700,nan,nan
concrete,high,v2_c-high_d-hard_a-concrete_p-wide_s-02,hard,nan,nan,2,700,nan,nan
concrete,high,v2_c-high_d-hard_a-concrete_p-wide_s-03,hard,nan,nan,3,700,nan,nan
concrete,high,v2_c-high_d-hard_a-concrete_p-wide_s-04,hard,nan,nan,4,700,nan,nan
concrete,high,v2_c-high_d-hard_a-concrete_p-wide_s-05,hard,nan,nan,5,700,nan,nan
invariant,high,v2_c-high_d-hard_a-invariant_p-moderate_s-00,hard,nan,nan,0,700,nan,nan
invariant,high,v2_c-high_d-hard_a-invariant_p-moderate_s-01,hard,0,700,1,700,nan,nan
invariant,high,v2_c-high_d-hard_a-invariant_p-moderate_s-02,hard,nan,nan,2,700,nan,nan
invariant,high,v2_c-high_d-hard_a-invariant_p-moderate_s-03,hard,0,700,3,700,nan,nan
invariant,high,v2_c-high_d-hard_a-invariant_p-moderate_s-04,hard,nan,nan,4,700,nan,nan
invariant,high,v2_c-high_d-hard_a-invariant_p-moderate_s-05,hard,nan,nan,5,1000,nan,nan
invariant,high,v2_c-high_d-hard_a-invariant_p-tight_s-00,hard,nan,nan,0,2000,nan,nan
invariant,high,v2_c-high_d-hard_a-invariant_p-tight_s-01,hard,nan,nan,1,700,nan,nan
invariant,high,v2_c-high_d-hard_a-invariant_p-tight_s-02,hard,nan,nan,2,2000,nan,nan
invariant,high,v2_c-high_d-hard_a-invariant_p-tight_s-03,hard,nan,nan,3,1000,nan,nan
invariant,high,v2_c-high_d-hard_a-invariant_p-tight_s-04,hard,nan,nan,4,700,nan,nan
invariant,high,v2_c-high_d-hard_a-invariant_p-tight_s-05,hard,nan,nan,5,1000,nan,nan
invariant,high,v2_c-high_d-hard_a-invariant_p-wide_s-00,hard,nan,nan,0,700,nan,nan
invariant,high,v2_c-high_d-hard_a-invariant_p-wide_s-01,hard,300,1000,1,700,nan,nan
invariant,high,v2_c-high_d-hard_a-invariant_p-wide_s-02,hard,nan,nan,2,700,nan,nan
invariant,high,v2_c-high_d-hard_a-invariant_p-wide_s-03,hard,nan,nan,3,700,nan,nan
invariant,high,v2_c-high_d-hard_a-invariant_p-wide_s-04,hard,nan,nan,4,700,nan,nan
invariant,high,v2_c-high_d-hard_a-invariant_p-wide_s-05,hard,nan,nan,5,700,nan,nan
latent,high,v2_c-high_d-hard_a-latent_p-moderate_s-00,hard,nan,nan,0,1000,nan,nan
latent,high,v2_c-high_d-hard_a-latent_p-moderate_s-01,hard,3300,4000,1,700,7000,-3000
latent,high,v2_c-high_d-hard_a-latent_p-moderate_s-02,hard,0,700,2,700,4000,-3300
latent,high,v2_c-high_d-hard_a-latent_p-moderate_s-03,hard,0,700,3,700,2000,-1300
latent,high,v2_c-high_d-hard_a-latent_p-moderate_s-04,hard,nan,nan,4,700,nan,nan
latent,high,v2_c-high_d-hard_a-latent_p-moderate_s-05,hard,nan,nan,5,700,nan,nan
latent,high,v2_c-high_d-hard_a-latent_p-tight_s-00,hard,2000,4000,0,2000,4000,0
latent,high,v2_c-high_d-hard_a-latent_p-tight_s-01,hard,nan,nan,1,700,nan,nan
latent,high,v2_c-high_d-hard_a-latent_p-tight_s-02,hard,1000,2000,2,1000,4000,-2000
latent,high,v2_c-high_d-hard_a-latent_p-tight_s-03,hard,1000,2000,3,1000,2000,0
latent,high,v2_c-high_d-hard_a-latent_p-tight_s-04,hard,1300,2000,4,700,4000,-2000
latent,high,v2_c-high_d-hard_a-latent_p-tight_s-05,hard,nan,nan,5,1000,nan,nan
latent,high,v2_c-high_d-hard_a-latent_p-wide_s-00,hard,0,700,0,700,4000,-3300
latent,high,v2_c-high_d-hard_a-latent_p-wide_s-01,hard,6000,7000,1,1000,nan,nan
latent,high,v2_c-high_d-hard_a-latent_p-wide_s-02,hard,0,700,2,700,7000,-6300
latent,high,v2_c-high_d-hard_a-latent_p-wide_s-03,hard,300,1000,3,700,2000,-1000
latent,high,v2_c-high_d-hard_a-latent_p-wide_s-04,hard,0,700,4,700,700,0
latent,high,v2_c-high_d-hard_a-latent_p-wide_s-05,hard,1300,2000,5,700,4000,-2000
concrete,high,v2_c-high_d-mixed_a-concrete_p-moderate_s-00,mixed,nan,nan,0,400,nan,nan
concrete,high,v2_c-high_d-mixed_a-concrete_p-moderate_s-01,mixed,nan,nan,1,400,nan,nan
concrete,high,v2_c-high_d-mixed_a-concrete_p-moderate_s-02,mixed,nan,nan,2,400,nan,nan
concrete,high,v2_c-high_d-mixed_a-concrete_p-moderate_s-03,mixed,nan,nan,3,400,nan,nan
concrete,high,v2_c-high_d-mixed_a-concrete_p-moderate_s-04,mixed,nan,nan,4,400,nan,nan
concrete,high,v2_c-high_d-mixed_a-concrete_p-moderate_s-05,mixed,nan,nan,5,400,nan,nan
concrete,high,v2_c-high_d-mixed_a-concrete_p-tight_s-00,mixed,nan,nan,0,700,nan,nan
concrete,high,v2_c-high_d-mixed_a-concrete_p-tight_s-01,mixed,nan,nan,1,700,nan,nan
concrete,high,v2_c-high_d-mixed_a-concrete_p-tight_s-02,mixed,300,1000,2,700,nan,nan
concrete,high,v2_c-high_d-mixed_a-concrete_p-tight_s-03,mixed,nan,nan,3,700,nan,nan
concrete,high,v2_c-high_d-mixed_a-concrete_p-tight_s-04,mixed,nan,nan,4,400,nan,nan
concrete,high,v2_c-high_d-mixed_a-concrete_p-tight_s-05,mixed,nan,nan,5,700,nan,nan
concrete,high,v2_c-high_d-mixed_a-concrete_p-wide_s-00,mixed,nan,nan,0,400,nan,nan
concrete,high,v2_c-high_d-mixed_a-concrete_p-wide_s-01,mixed,nan,nan,1,400,nan,nan
concrete,high,v2_c-high_d-mixed_a-concrete_p-wide_s-02,mixed,nan,nan,2,400,nan,nan
concrete,high,v2_c-high_d-mixed_a-concrete_p-wide_s-03,mixed,0,400,3,400,nan,nan
concrete,high,v2_c-high_d-mixed_a-concrete_p-wide_s-04,mixed,nan,nan,4,400,nan,nan
concrete,high,v2_c-high_d-mixed_a-concrete_p-wide_s-05,mixed,nan,nan,5,400,nan,nan
invariant,high,v2_c-high_d-mixed_a-invariant_p-moderate_s-00,mixed,nan,nan,0,400,nan,nan
invariant,high,v2_c-high_d-mixed_a-invariant_p-moderate_s-01,mixed,nan,nan,1,400,nan,nan
invariant,high,v2_c-high_d-mixed_a-invariant_p-moderate_s-02,mixed,nan,nan,2,400,nan,nan
invariant,high,v2_c-high_d-mixed_a-invariant_p-moderate_s-03,mixed,nan,nan,3,400,nan,nan
invariant,high,v2_c-high_d-mixed_a-invariant_p-moderate_s-04,mixed,nan,nan,4,400,nan,nan
invariant,high,v2_c-high_d-mixed_a-invariant_p-moderate_s-05,mixed,nan,nan,5,400,nan,nan
invariant,high,v2_c-high_d-mixed_a-invariant_p-tight_s-00,mixed,nan,nan,0,700,nan,nan
invariant,high,v2_c-high_d-mixed_a-invariant_p-tight_s-01,mixed,nan,nan,1,700,nan,nan
invariant,high,v2_c-high_d-mixed_a-invariant_p-tight_s-02,mixed,nan,nan,2,1000,nan,nan
invariant,high,v2_c-high_d-mixed_a-invariant_p-tight_s-03,mixed,nan,nan,3,700,nan,nan
invariant,high,v2_c-high_d-mixed_a-invariant_p-tight_s-04,mixed,nan,nan,4,400,nan,nan
invariant,high,v2_c-high_d-mixed_a-invariant_p-tight_s-05,mixed,nan,nan,5,700,nan,nan
invariant,high,v2_c-high_d-mixed_a-invariant_p-wide_s-00,mixed,nan,nan,0,400,nan,nan
invariant,high,v2_c-high_d-mixed_a-invariant_p-wide_s-01,mixed,nan,nan,1,400,nan,nan
invariant,high,v2_c-high_d-mixed_a-invariant_p-wide_s-02,mixed,nan,nan,2,400,nan,nan
invariant,high,v2_c-high_d-mixed_a-invariant_p-wide_s-03,mixed,0,400,3,400,400,0
invariant,high,v2_c-high_d-mixed_a-invariant_p-wide_s-04,mixed,nan,nan,4,400,nan,nan
invariant,high,v2_c-high_d-mixed_a-invariant_p-wide_s-05,mixed,nan,nan,5,400,nan,nan
latent,high,v2_c-high_d-mixed_a-latent_p-moderate_s-00,mixed,300,700,0,400,1000,-300
latent,high,v2_c-high_d-mixed_a-latent_p-moderate_s-01,mixed,1600,2000,1,400,2000,0
latent,high,v2_c-high_d-mixed_a-latent_p-moderate_s-02,mixed,1600,2000,2,400,2000,0
latent,high,v2_c-high_d-mixed_a-latent_p-moderate_s-03,mixed,300,700,3,400,1000,-300
latent,high,v2_c-high_d-mixed_a-latent_p-moderate_s-04,mixed,0,400,4,400,400,0
latent,high,v2_c-high_d-mixed_a-latent_p-moderate_s-05,mixed,1600,2000,5,400,2000,0
latent,high,v2_c-high_d-mixed_a-latent_p-tight_s-00,mixed,6300,7000,0,700,4000,3000
latent,high,v2_c-high_d-mixed_a-latent_p-tight_s-01,mixed,3600,4000,1,400,4000,0
latent,high,v2_c-high_d-mixed_a-latent_p-tight_s-02,mixed,1300,2000,2,700,4000,-2000
latent,high,v2_c-high_d-mixed_a-latent_p-tight_s-03,mixed,3300,4000,3,700,4000,0
latent,high,v2_c-high_d-mixed_a-latent_p-tight_s-04,mixed,3600,4000,4,400,4000,0
latent,high,v2_c-high_d-mixed_a-latent_p-tight_s-05,mixed,1600,2000,5,400,2000,0
latent,high,v2_c-high_d-mixed_a-latent_p-wide_s-00,mixed,1600,2000,0,400,2000,0
latent,high,v2_c-high_d-mixed_a-latent_p-wide_s-01,mixed,3600,4000,1,400,4000,0
latent,high,v2_c-high_d-mixed_a-latent_p-wide_s-02,mixed,0,400,2,400,700,-300
latent,high,v2_c-high_d-mixed_a-latent_p-wide_s-03,mixed,0,400,3,400,2000,-1600
latent,high,v2_c-high_d-mixed_a-latent_p-wide_s-04,mixed,1600,2000,4,400,2000,0
latent,high,v2_c-high_d-mixed_a-latent_p-wide_s-05,mixed,1600,2000,5,400,2000,0
concrete,none,v2_c-none_d-easy_a-concrete_p-moderate_s-00,easy,nan,nan,0,400,nan,nan
concrete,none,v2_c-none_d-easy_a-concrete_p-moderate_s-01,easy,nan,nan,1,400,nan,nan
concrete,none,v2_c-none_d-easy_a-concrete_p-moderate_s-02,easy,nan,nan,2,400,nan,nan
concrete,none,v2_c-none_d-easy_a-concrete_p-moderate_s-03,easy,nan,nan,3,400,nan,nan
concrete,none,v2_c-none_d-easy_a-concrete_p-moderate_s-04,easy,nan,nan,4,400,nan,nan
concrete,none,v2_c-none_d-easy_a-concrete_p-moderate_s-05,easy,nan,nan,5,400,nan,nan
concrete,none,v2_c-none_d-easy_a-concrete_p-tight_s-00,easy,nan,nan,0,400,nan,nan
concrete,none,v2_c-none_d-easy_a-concrete_p-tight_s-01,easy,nan,nan,1,400,nan,nan
concrete,none,v2_c-none_d-easy_a-concrete_p-tight_s-02,easy,nan,nan,2,700,nan,nan
concrete,none,v2_c-none_d-easy_a-concrete_p-tight_s-03,easy,nan,nan,3,700,nan,nan
concrete,none,v2_c-none_d-easy_a-concrete_p-tight_s-04,easy,nan,nan,4,400,nan,nan
concrete,none,v2_c-none_d-easy_a-concrete_p-tight_s-05,easy,nan,nan,5,400,nan,nan
concrete,none,v2_c-none_d-easy_a-concrete_p-wide_s-00,easy,nan,nan,0,400,nan,nan
concrete,none,v2_c-none_d-easy_a-concrete_p-wide_s-01,easy,nan,nan,1,400,nan,nan
concrete,none,v2_c-none_d-easy_a-concrete_p-wide_s-02,easy,nan,nan,2,400,nan,nan
concrete,none,v2_c-none_d-easy_a-concrete_p-wide_s-03,easy,0,400,3,400,nan,nan
concrete,none,v2_c-none_d-easy_a-concrete_p-wide_s-04,easy,nan,nan,4,200,nan,nan
concrete,none,v2_c-none_d-easy_a-concrete_p-wide_s-05,easy,300,700,5,400,nan,nan
invariant,none,v2_c-none_d-easy_a-invariant_p-moderate_s-00,easy,nan,nan,0,400,nan,nan
invariant,none,v2_c-none_d-easy_a-invariant_p-moderate_s-01,easy,nan,nan,1,400,nan,nan
invariant,none,v2_c-none_d-easy_a-invariant_p-moderate_s-02,easy,nan,nan,2,400,nan,nan
invariant,none,v2_c-none_d-easy_a-invariant_p-moderate_s-03,easy,nan,nan,3,400,nan,nan
invariant,none,v2_c-none_d-easy_a-invariant_p-moderate_s-04,easy,nan,nan,4,400,nan,nan
invariant,none,v2_c-none_d-easy_a-invariant_p-moderate_s-05,easy,nan,nan,5,400,nan,nan
invariant,none,v2_c-none_d-easy_a-invariant_p-tight_s-00,easy,nan,nan,0,400,nan,nan
invariant,none,v2_c-none_d-easy_a-invariant_p-tight_s-01,easy,nan,nan,1,400,nan,nan
invariant,none,v2_c-none_d-easy_a-invariant_p-tight_s-02,easy,nan,nan,2,700,nan,nan
invariant,none,v2_c-none_d-easy_a-invariant_p-tight_s-03,easy,nan,nan,3,700,nan,nan
invariant,none,v2_c-none_d-easy_a-invariant_p-tight_s-04,easy,nan,nan,4,400,nan,nan
invariant,none,v2_c-none_d-easy_a-invariant_p-tight_s-05,easy,nan,nan,5,400,nan,nan
invariant,none,v2_c-none_d-easy_a-invariant_p-wide_s-00,easy,nan,nan,0,400,nan,nan
invariant,none,v2_c-none_d-easy_a-invariant_p-wide_s-01,easy,nan,nan,1,400,nan,nan
invariant,none,v2_c-none_d-easy_a-invariant_p-wide_s-02,easy,nan,nan,2,400,nan,nan
invariant,none,v2_c-none_d-easy_a-invariant_p-wide_s-03,easy,0,400,3,400,400,0
invariant,none,v2_c-none_d-easy_a-invariant_p-wide_s-04,easy,nan,nan,4,200,nan,nan
invariant,none,v2_c-none_d-easy_a-invariant_p-wide_s-05,easy,nan,nan,5,400,nan,nan
latent,none,v2_c-none_d-easy_a-latent_p-moderate_s-00,easy,6600,7000,0,400,7000,0
latent,none,v2_c-none_d-easy_a-latent_p-moderate_s-01,easy,3600,4000,1,400,4000,0
latent,none,v2_c-none_d-easy_a-latent_p-moderate_s-02,easy,1600,2000,2,400,4000,-2000
latent,none,v2_c-none_d-easy_a-latent_p-moderate_s-03,easy,1600,2000,3,400,2000,0
latent,none,v2_c-none_d-easy_a-latent_p-moderate_s-04,easy,600,1000,4,400,2000,-1000
latent,none,v2_c-none_d-easy_a-latent_p-moderate_s-05,easy,1600,2000,5,400,2000,0
latent,none,v2_c-none_d-easy_a-latent_p-tight_s-00,easy,3600,4000,0,400,4000,0
latent,none,v2_c-none_d-easy_a-latent_p-tight_s-01,easy,nan,nan,1,400,nan,nan
latent,none,v2_c-none_d-easy_a-latent_p-tight_s-02,easy,3300,4000,2,700,4000,0
latent,none,v2_c-none_d-easy_a-latent_p-tight_s-03,easy,3600,4000,3,400,4000,0
latent,none,v2_c-none_d-easy_a-latent_p-tight_s-04,easy,3600,4000,4,400,4000,0
latent,none,v2_c-none_d-easy_a-latent_p-tight_s-05,easy,3600,4000,5,400,2000,2000
latent,none,v2_c-none_d-easy_a-latent_p-wide_s-00,easy,3600,4000,0,400,2000,2000
latent,none,v2_c-none_d-easy_a-latent_p-wide_s-01,easy,3600,4000,1,400,4000,0
latent,none,v2_c-none_d-easy_a-latent_p-wide_s-02,easy,3600,4000,2,400,4000,0
latent,none,v2_c-none_d-easy_a-latent_p-wide_s-03,easy,1600,2000,3,400,2000,0
latent,none,v2_c-none_d-easy_a-latent_p-wide_s-04,easy,1800,2000,4,200,2000,0
latent,none,v2_c-none_d-easy_a-latent_p-wide_s-05,easy,3600,4000,5,400,4000,0
concrete,none,v2_c-none_d-hard_a-concrete_p-moderate_s-00,hard,nan,nan,0,700,nan,nan
concrete,none,v2_c-none_d-hard_a-concrete_p-moderate_s-01,hard,nan,nan,1,700,nan,nan
concrete,none,v2_c-none_d-hard_a-concrete_p-moderate_s-02,hard,nan,nan,2,700,nan,nan
concrete,none,v2_c-none_d-hard_a-concrete_p-moderate_s-03,hard,nan,nan,3,700,nan,nan
concrete,none,v2_c-none_d-hard_a-concrete_p-moderate_s-04,hard,nan,nan,4,700,nan,nan
concrete,none,v2_c-none_d-hard_a-concrete_p-moderate_s-05,hard,nan,nan,5,1000,nan,nan
concrete,none,v2_c-none_d-hard_a-concrete_p-tight_s-00,hard,nan,nan,0,1000,nan,nan
concrete,none,v2_c-none_d-hard_a-concrete_p-tight_s-01,hard,nan,nan,1,700,nan,nan
concrete,none,v2_c-none_d-hard_a-concrete_p-tight_s-02,hard,nan,nan,2,2000,nan,nan
concrete,none,v2_c-none_d-hard_a-concrete_p-tight_s-03,hard,nan,nan,3,1000,nan,nan
concrete,none,v2_c-none_d-hard_a-concrete_p-tight_s-04,hard,nan,nan,4,700,nan,nan
concrete,none,v2_c-none_d-hard_a-concrete_p-tight_s-05,hard,nan,nan,5,1000,nan,nan
concrete,none,v2_c-none_d-hard_a-concrete_p-wide_s-00,hard,300,700,0,400,nan,nan
concrete,none,v2_c-none_d-hard_a-concrete_p-wide_s-01,hard,nan,nan,1,700,nan,nan
concrete,none,v2_c-none_d-hard_a-concrete_p-wide_s-02,hard,nan,nan,2,700,nan,nan
concrete,none,v2_c-none_d-hard_a-concrete_p-wide_s-03,hard,0,700,3,700,nan,nan
concrete,none,v2_c-none_d-hard_a-concrete_p-wide_s-04,hard,nan,nan,4,700,nan,nan
concrete,none,v2_c-none_d-hard_a-concrete_p-wide_s-05,hard,nan,nan,5,700,nan,nan
invariant,none,v2_c-none_d-hard_a-invariant_p-moderate_s-00,hard,nan,nan,0,700,nan,nan
invariant,none,v2_c-none_d-hard_a-invariant_p-moderate_s-01,hard,0,700,1,700,nan,nan
invariant,none,v2_c-none_d-hard_a-invariant_p-moderate_s-02,hard,nan,nan,2,700,nan,nan
invariant,none,v2_c-none_d-hard_a-invariant_p-moderate_s-03,hard,0,700,3,700,nan,nan
invariant,none,v2_c-none_d-hard_a-invariant_p-moderate_s-04,hard,nan,nan,4,700,nan,nan
invariant,none,v2_c-none_d-hard_a-invariant_p-moderate_s-05,hard,nan,nan,5,1000,nan,nan
invariant,none,v2_c-none_d-hard_a-invariant_p-tight_s-00,hard,nan,nan,0,2000,nan,nan
invariant,none,v2_c-none_d-hard_a-invariant_p-tight_s-01,hard,nan,nan,1,700,nan,nan
invariant,none,v2_c-none_d-hard_a-invariant_p-tight_s-02,hard,nan,nan,2,2000,nan,nan
invariant,none,v2_c-none_d-hard_a-invariant_p-tight_s-03,hard,nan,nan,3,1000,nan,nan
invariant,none,v2_c-none_d-hard_a-invariant_p-tight_s-04,hard,nan,nan,4,700,nan,nan
invariant,none,v2_c-none_d-hard_a-invariant_p-tight_s-05,hard,nan,nan,5,1000,nan,nan
invariant,none,v2_c-none_d-hard_a-invariant_p-wide_s-00,hard,nan,nan,0,700,nan,nan
invariant,none,v2_c-none_d-hard_a-invariant_p-wide_s-01,hard,0,700,1,700,nan,nan
invariant,none,v2_c-none_d-hard_a-invariant_p-wide_s-02,hard,nan,nan,2,700,nan,nan
invariant,none,v2_c-none_d-hard_a-invariant_p-wide_s-03,hard,nan,nan,3,700,nan,nan
invariant,none,v2_c-none_d-hard_a-invariant_p-wide_s-04,hard,nan,nan,4,700,nan,nan
invariant,none,v2_c-none_d-hard_a-invariant_p-wide_s-05,hard,nan,nan,5,700,nan,nan
latent,none,v2_c-none_d-hard_a-latent_p-moderate_s-00,hard,3000,4000,0,1000,nan,nan
latent,none,v2_c-none_d-hard_a-latent_p-moderate_s-01,hard,300,1000,1,700,4000,-3000
latent,none,v2_c-none_d-hard_a-latent_p-moderate_s-02,hard,0,700,2,700,2000,-1300
latent,none,v2_c-none_d-hard_a-latent_p-moderate_s-03,hard,1300,2000,3,700,4000,-2000
latent,none,v2_c-none_d-hard_a-latent_p-moderate_s-04,hard,6300,7000,4,700,7000,0
latent,none,v2_c-none_d-hard_a-latent_p-moderate_s-05,hard,nan,nan,5,700,nan,nan
latent,none,v2_c-none_d-hard_a-latent_p-tight_s-00,hard,0,2000,0,2000,4000,-2000
latent,none,v2_c-none_d-hard_a-latent_p-tight_s-01,hard,nan,nan,1,700,nan,nan
latent,none,v2_c-none_d-hard_a-latent_p-tight_s-02,hard,0,1000,2,1000,nan,nan
latent,none,v2_c-none_d-hard_a-latent_p-tight_s-03,hard,0,1000,3,1000,2000,-1000
latent,none,v2_c-none_d-hard_a-latent_p-tight_s-04,hard,3300,4000,4,700,4000,0
latent,none,v2_c-none_d-hard_a-latent_p-tight_s-05,hard,nan,nan,5,1000,nan,nan
latent,none,v2_c-none_d-hard_a-latent_p-wide_s-00,hard,3300,4000,0,700,7000,-3000
latent,none,v2_c-none_d-hard_a-latent_p-wide_s-01,hard,0,1000,1,1000,1000,0
latent,none,v2_c-none_d-hard_a-latent_p-wide_s-02,hard,0,700,2,700,4000,-3300
latent,none,v2_c-none_d-hard_a-latent_p-wide_s-03,hard,1000,2000,3,1000,7000,-5000
latent,none,v2_c-none_d-hard_a-latent_p-wide_s-04,hard,0,700,4,700,700,0
latent,none,v2_c-none_d-hard_a-latent_p-wide_s-05,hard,1300,2000,5,700,2000,0
concrete,none,v2_c-none_d-mixed_a-concrete_p-moderate_s-00,mixed,nan,nan,0,400,nan,nan
concrete,none,v2_c-none_d-mixed_a-concrete_p-moderate_s-01,mixed,nan,nan,1,400,nan,nan
concrete,none,v2_c-none_d-mixed_a-concrete_p-moderate_s-02,mixed,nan,nan,2,400,nan,nan
concrete,none,v2_c-none_d-mixed_a-concrete_p-moderate_s-03,mixed,nan,nan,3,400,nan,nan
concrete,none,v2_c-none_d-mixed_a-concrete_p-moderate_s-04,mixed,nan,nan,4,400,nan,nan
concrete,none,v2_c-none_d-mixed_a-concrete_p-moderate_s-05,mixed,nan,nan,5,400,nan,nan
concrete,none,v2_c-none_d-mixed_a-concrete_p-tight_s-00,mixed,nan,nan,0,700,nan,nan
concrete,none,v2_c-none_d-mixed_a-concrete_p-tight_s-01,mixed,nan,nan,1,700,nan,nan
concrete,none,v2_c-none_d-mixed_a-concrete_p-tight_s-02,mixed,nan,nan,2,700,nan,nan
concrete,none,v2_c-none_d-mixed_a-concrete_p-tight_s-03,mixed,nan,nan,3,700,nan,nan
concrete,none,v2_c-none_d-mixed_a-concrete_p-tight_s-04,mixed,nan,nan,4,400,nan,nan
concrete,none,v2_c-none_d-mixed_a-concrete_p-tight_s-05,mixed,nan,nan,5,700,nan,nan
concrete,none,v2_c-none_d-mixed_a-concrete_p-wide_s-00,mixed,nan,nan,0,400,nan,nan
concrete,none,v2_c-none_d-mixed_a-concrete_p-wide_s-01,mixed,nan,nan,1,400,nan,nan
concrete,none,v2_c-none_d-mixed_a-concrete_p-wide_s-02,mixed,nan,nan,2,400,nan,nan
concrete,none,v2_c-none_d-mixed_a-concrete_p-wide_s-03,mixed,0,400,3,400,nan,nan
concrete,none,v2_c-none_d-mixed_a-concrete_p-wide_s-04,mixed,nan,nan,4,400,nan,nan
concrete,none,v2_c-none_d-mixed_a-concrete_p-wide_s-05,mixed,nan,nan,5,400,nan,nan
invariant,none,v2_c-none_d-mixed_a-invariant_p-moderate_s-00,mixed,nan,nan,0,400,nan,nan
invariant,none,v2_c-none_d-mixed_a-invariant_p-moderate_s-01,mixed,nan,nan,1,400,nan,nan
invariant,none,v2_c-none_d-mixed_a-invariant_p-moderate_s-02,mixed,nan,nan,2,400,nan,nan
invariant,none,v2_c-none_d-mixed_a-invariant_p-moderate_s-03,mixed,nan,nan,3,400,nan,nan
invariant,none,v2_c-none_d-mixed_a-invariant_p-moderate_s-04,mixed,nan,nan,4,400,nan,nan
invariant,none,v2_c-none_d-mixed_a-invariant_p-moderate_s-05,mixed,nan,nan,5,400,nan,nan
invariant,none,v2_c-none_d-mixed_a-invariant_p-tight_s-00,mixed,nan,nan,0,700,nan,nan
invariant,none,v2_c-none_d-mixed_a-invariant_p-tight_s-01,mixed,nan,nan,1,700,nan,nan
invariant,none,v2_c-none_d-mixed_a-invariant_p-tight_s-02,mixed,nan,nan,2,1000,nan,nan
invariant,none,v2_c-none_d-mixed_a-invariant_p-tight_s-03,mixed,nan,nan,3,700,nan,nan
invariant,none,v2_c-none_d-mixed_a-invariant_p-tight_s-04,mixed,nan,nan,4,400,nan,nan
invariant,none,v2_c-none_d-mixed_a-invariant_p-tight_s-05,mixed,nan,nan,5,700,nan,nan
invariant,none,v2_c-none_d-mixed_a-invariant_p-wide_s-00,mixed,nan,nan,0,400,nan,nan
invariant,none,v2_c-none_d-mixed_a-invariant_p-wide_s-01,mixed,nan,nan,1,400,nan,nan
invariant,none,v2_c-none_d-mixed_a-invariant_p-wide_s-02,mixed,nan,nan,2,400,nan,nan
invariant,none,v2_c-none_d-mixed_a-invariant_p-wide_s-03,mixed,0,400,3,400,400,0
invariant,none,v2_c-none_d-mixed_a-invariant_p-wide_s-04,mixed,nan,nan,4,400,nan,nan
invariant,none,v2_c-none_d-mixed_a-invariant_p-wide_s-05,mixed,nan,nan,5,400,nan,nan
latent,none,v2_c-none_d-mixed_a-latent_p-moderate_s-00,mixed,3600,4000,0,400,2000,2000
latent,none,v2_c-none_d-mixed_a-latent_p-moderate_s-01,mixed,1600,2000,1,400,2000,0
latent,none,v2_c-none_d-mixed_a-latent_p-moderate_s-02,mixed,1600,2000,2,400,2000,0
latent,none,v2_c-none_d-mixed_a-latent_p-moderate_s-03,mixed,600,1000,3,400,1000,0
latent,none,v2_c-none_d-mixed_a-latent_p-moderate_s-04,mixed,0,400,4,400,400,0
latent,none,v2_c-none_d-mixed_a-latent_p-moderate_s-05,mixed,1600,2000,5,400,2000,0
latent,none,v2_c-none_d-mixed_a-latent_p-tight_s-00,mixed,6300,7000,0,700,7000,0
latent,none,v2_c-none_d-mixed_a-latent_p-tight_s-01,mixed,3600,4000,1,400,4000,0
latent,none,v2_c-none_d-mixed_a-latent_p-tight_s-02,mixed,1300,2000,2,700,2000,0
latent,none,v2_c-none_d-mixed_a-latent_p-tight_s-03,mixed,3300,4000,3,700,4000,0
latent,none,v2_c-none_d-mixed_a-latent_p-tight_s-04,mixed,3600,4000,4,400,4000,0
latent,none,v2_c-none_d-mixed_a-latent_p-tight_s-05,mixed,1600,2000,5,400,2000,0
latent,none,v2_c-none_d-mixed_a-latent_p-wide_s-00,mixed,1600,2000,0,400,2000,0
latent,none,v2_c-none_d-mixed_a-latent_p-wide_s-01,mixed,1600,2000,1,400,2000,0
latent,none,v2_c-none_d-mixed_a-latent_p-wide_s-02,mixed,1600,2000,2,400,4000,-2000
latent,none,v2_c-none_d-mixed_a-latent_p-wide_s-03,mixed,0,400,3,400,700,-300
latent,none,v2_c-none_d-mixed_a-latent_p-wide_s-04,mixed,1600,2000,4,400,2000,0
latent,none,v2_c-none_d-mixed_a-latent_p-wide_s-05,mixed,1600,2000,5,400,2000,0
