config_id,seed,scaffold,arm,anchor_count,coverage,imposed,permuted,width,layers,batch_size,steps,learning_rate,weight_decay
v9_sc-line_a00_confounded_s-512,512,line,a00_confounded,0,confounded,0,0,64,2,256,20000,0.001,0.0
v9_sc-line_a00_confounded_s-513,513,line,a00_confounded,0,confounded,0,0,64,2,256,20000,0.001,0.0
v9_sc-line_a00_confounded_s-514,514,line,a00_confounded,0,confounded,0,0,64,2,256,20000,0.001,0.0
v9_sc-line_a00_confounded_s-515,515,line,a00_confounded,0,confounded,0,0,64,2,256,20000,0.001,0.0
v9_sc-line_a00_confounded_s-516,516,line,a00_confounded,0,confounded,0,0,64,2,256,20000,0.001,0.0
v9_sc-line_a00_confounded_s-517,517,line,a00_confounded,0,confounded,0,0,64,2,256,20000,0.001,0.0
v9_sc-line_a00_confounded_s-518,518,line,a00_confounded,0,confounded,0,0,64,2,256,20000,0.001,0.0
v9_sc-line_a00_confounded_s-519,519,line,a00_confounded,0,confounded,0,0,64,2,256,20000,0.001,0.0
v9_sc-line_a00_confounded_s-520,520,line,a00_confounded,0,confounded,0,0,64,2,256,20000,0.001,0.0
v9_sc-line_a00_confounded_s-521,521,line,a00_confounded,0,confounded,0,0,64,2,256,20000,0.001,0.0
v9_sc-line_a00_confounded_s-522,522,line,a00_confounded,0,confounded,0,0,64,2,256,20000,0.001,0.0
v9_sc-line_a00_confounded_s-523,523,line,a00_confounded,0,confounded,0,0,64,2,256,20000,0.001,0.0
v9_sc-line_a25_confounded_s-512,512,line,a25_confounded,3,confounded,0,0,64,2,256,20000,0.001,0.0
v9_sc-line_a25_confounded_s-513,513,line,a25_confounded,3,confounded,0,0,64,2,256,20000,0.001,0.0
v9_sc-line_a25_confounded_s-514,514,line,a25_confounded,3,confounded,0,0,64,2,256,20000,0.001,0.0
v9_sc-line_a25_confounded_s-515,515,line,a25_confounded,3,confounded,0,0,64,2,256,20000,0.001,0.0
v9_sc-line_a25_confounded_s-516,516,line,a25_confounded,3,confounded,0,0,64,2,256,20000,0.001,0.0
v9_sc-line_a25_confounded_s-517,517,line,a25_confounded,3,confounded,0,0,64,2,256,20000,0.001,0.0
v9_sc-line_a25_confounded_s-518,518,line,a25_confounded,3,confounded,0,0,64,2,256,20000,0.001,0.0
v9_sc-line_a25_confounded_s-519,519,line,a25_confounded,3,confounded,0,0,64,2,256,20000,0.001,0.0
v9_sc-line_a25_confounded_s-520,520,line,a25_confounded,3,confounded,0,0,64,2,256,20000,0.001,0.0
v9_sc-line_a25_confounded_s-521,521,line,a25_confounded,3,confounded,0,0,64,2,256,20000,0.001,0.0
v9_sc-line_a25_confounded_s-522,522,line,a25_confounded,3,confounded,0,0,64,2,256,20000,0.001,0.0
v9_sc-line_a25_confounded_s-523,523,line,a25_confounded,3,confounded,0,0,64,2,256,20000,0.001,0.0
v9_sc-line_a50_confounded_s-512,512,line,a50_confounded,6,confounded,0,0,64,2,256,20000,0.001,0.0
v9_sc-line_a50_confounded_s-513,513,line,a50_confounded,6,confounded,0,0,64,2,256,20000,0.001,0.0
v9_sc-line_a50_confounded_s-514,514,line,a50_confounded,6,confounded,0,0,64,2,256,20000,0.001,0.0
v9_sc-line_a50_confounded_s-515,515,line,a50_confounded,6,confounded,0,0,64,2,256,20000,0.001,0.0
v9_sc-line_a50_confounded_s-516,516,line,a50_confounded,6,confounded,0,0,64,2,256,20000,0.001,0.0
v9_sc-line_a50_confounded_s-517,517,line,a50_confounded,6,confounded,0,0,64,2,256,20000,0.001,0.0
v9_sc-line_a50_confounded_s-518,518,line,a50_confounded,6,confounded,0,0,64,2,256,20000,0.001,0.0
v9_sc-line_a50_confounded_s-519,519,line,a50_confounded,6,confounded,0,0,64,2,256,20000,0.001,0.0
v9_sc-line_a50_confounded_s-520,520,line,a50_confounded,6,confounded,0,0,64,2,256,20000,0.001,0.0
v9_sc-line_a50_confounded_s-521,521,line,a50_confounded,6,confounded,0,0,64,2,256,20000,0.001,0.0
v9_sc-line_a50_confounded_s-522,522,line,a50_confounded,6,confounded,0,0,64,2,256,20000,0.001,0.0
v9_sc-line_a50_confounded_s-523,523,line,a50_confounded,6,confounded,0,0,64,2,256,20000,0.001,0.0
v9_sc-line_a00_diverse_s-512,512,line,a00_diverse,0,diverse,0,0,64,2,256,20000,0.001,0.0
v9_sc-line_a00_diverse_s-513,513,line,a00_diverse,0,diverse,0,0,64,2,256,20000,0.001,0.0
v9_sc-line_a00_diverse_s-514,514,line,a00_diverse,0,diverse,0,0,64,2,256,20000,0.001,0.0
v9_sc-line_a00_diverse_s-515,515,line,a00_diverse,0,diverse,0,0,64,2,256,20000,0.001,0.0
v9_sc-line_a00_diverse_s-516,516,line,a00_diverse,0,diverse,0,0,64,2,256,20000,0.001,0.0
v9_sc-line_a00_diverse_s-517,517,line,a00_diverse,0,diverse,0,0,64,2,256,20000,0.001,0.0
v9_sc-line_a00_diverse_s-518,518,line,a00_diverse,0,diverse,0,0,64,2,256,20000,0.001,0.0
v9_sc-line_a00_diverse_s-519,519,line,a00_diverse,0,diverse,0,0,64,2,256,20000,0.001,0.0
v9_sc-line_a00_diverse_s-520,520,line,a00_diverse,0,diverse,0,0,64,2,256,20000,0.001,0.0
v9_sc-line_a00_diverse_s-521,521,line,a00_diverse,0,diverse,0,0,64,2,256,20000,0.001,0.0
v9_sc-line_a00_diverse_s-522,522,line,a00_diverse,0,diverse,0,0,64,2,256,20000,0.001,0.0
v9_sc-line_a00_diverse_s-523,523,line,a00_diverse,0,diverse,0,0,64,2,256,20000,0.001,0.0
v9_sc-line_a25_diverse_s-512,512,line,a25_diverse,3,diverse,0,0,64,2,256,20000,0.001,0.0
v9_sc-line_a25_diverse_s-513,513,line,a25_diverse,3,diverse,0,0,64,2,256,20000,0.001,0.0
v9_sc-line_a25_diverse_s-514,514,line,a25_diverse,3,diverse,0,0,64,2,256,20000,0.001,0.0
v9_sc-line_a25_diverse_s-515,515,line,a25_diverse,3,diverse,0,0,64,2,256,20000,0.001,0.0
v9_sc-line_a25_diverse_s-516,516,line,a25_diverse,3,diverse,0,0,64,2,256,20000,0.001,0.0
v9_sc-line_a25_diverse_s-517,517,line,a25_diverse,3,diverse,0,0,64,2,256,20000,0.001,0.0
v9_sc-line_a25_diverse_s-518,518,line,a25_diverse,3,diverse,0,0,64,2,256,20000,0.001,0.0
v9_sc-line_a25_diverse_s-519,519,line,a25_diverse,3,diverse,0,0,64,2,256,20000,0.001,0.0
v9_sc-line_a25_diverse_s-520,520,line,a25_diverse,3,diverse,0,0,64,2,256,20000,0.001,0.0
v9_sc-line_a25_diverse_s-521,521,line,a25_diverse,3,diverse,0,0,64,2,256,20000,0.001,0.0
v9_sc-line_a25_diverse_s-522,522,line,a25_diverse,3,diverse,0,0,64,2,256,20000,0.001,0.0
v9_sc-line_a25_diverse_s-523,523,line,a25_diverse,3,diverse,0,0,64,2,256,20000,0.001,0.0
v9_sc-line_a50_diverse_s-512,512,line,a50_diverse,6,diverse,0,0,64,2,256,20000,0.001,0.0
v9_sc-line_a50_diverse_s-513,513,line,a50_diverse,6,diverse,0,0,64,2,256,20000,0.001,0.0
v9_sc-line_a50_diverse_s-514,514,line,a50_diverse,6,diverse,0,0,64,2,256,20000,0.001,0.0
v9_sc-line_a50_diverse_s-515,515,line,a50_diverse,6,diverse,0,0,64,2,256,20000,0.001,0.0
v9_sc-line_a50_diverse_s-516,516,line,a50_diverse,6,diverse,0,0,64,2,256,20000,0.001,0.0
v9_sc-line_a50_diverse_s-517,517,line,a50_diverse,6,diverse,0,0,64,2,256,20000,0.001,0.0
v9_sc-line_a50_diverse_s-518,518,line,a50_diverse,6,diverse,0,0,64,2,256,20000,0.001,0.0
v9_sc-line_a50_diverse_s-519,519,line,a50_diverse,6,diverse,0,0,64,2,256,20000,0.001,0.0
v9_sc-line_a50_diverse_s-520,520,line,a50_diverse,6,diverse,0,0,64,2,256,20000,0.001,0.0
v9_sc-line_a50_diverse_s-521,521,line,a50_diverse,6,diverse,0,0,64,2,256,20000,0.001,0.0
v9_sc-line_a50_diverse_s-522,522,line,a50_diverse,6,diverse,0,0,64,2,256,20000,0.001,0.0
v9_sc-line_a50_diverse_s-523,523,line,a50_diverse,6,diverse,0,0,64,2,256,20000,0.001,0.0
v9_sc-line_imposed_s-512,512,line,imposed,0,confounded,1,0,64,2,256,20000,0.001,0.0
v9_sc-line_imposed_s-513,513,line,imposed,0,confounded,1,0,64,2,256,20000,0.001,0.0
v9_sc-line_imposed_s-514,514,line,imposed,0,confounded,1,0,64,2,256,20000,0.001,0.0
v9_sc-line_imposed_s-515,515,line,imposed,0,confounded,1,0,64,2,256,20000,0.001,0.0
v9_sc-line_imposed_s-516,516,line,imposed,0,confounded,1,0,64,2,256,20000,0.001,0.0
v9_sc-line_imposed_s-517,517,line,imposed,0,confounded,1,0,64,2,256,20000,0.001,0.0
v9_sc-line_imposed_s-518,518,line,imposed,0,confounded,1,0,64,2,256,20000,0.001,0.0
v9_sc-line_imposed_s-519,519,line,imposed,0,confounded,1,0,64,2,256,20000,0.001,0.0
v9_sc-line_imposed_s-520,520,line,imposed,0,confounded,1,0,64,2,256,20000,0.001,0.0
v9_sc-line_imposed_s-521,521,line,imposed,0,confounded,1,0,64,2,256,20000,0.001,0.0
v9_sc-line_imposed_s-522,522,line,imposed,0,confounded,1,0,64,2,256,20000,0.001,0.0
v9_sc-line_imposed_s-523,523,line,imposed,0,confounded,1,0,64,2,256,20000,0.001,0.0
v9_sc-line_eperm_s-512,512,line,eperm,0,confounded,1,1,64,2,256,20000,0.001,0.0
v9_sc-line_eperm_s-513,513,line,eperm,0,confounded,1,1,64,2,256,20000,0.001,0.0
v9_sc-line_eperm_s-514,514,line,eperm,0,confounded,1,1,64,2,256,20000,0.001,0.0
v9_sc-line_eperm_s-515,515,line,eperm,0,confounded,1,1,64,2,256,20000,0.001,0.0
v9_sc-line_eperm_s-516,516,line,eperm,0,confounded,1,1,64,2,256,20000,0.001,0.0
v9_sc-line_eperm_s-517,517,line,eperm,0,confounded,1,1,64,2,256,20000,0.001,0.0
v9_sc-line_eperm_s-518,518,line,eperm,0,confounded,1,1,64,2,256,20000,0.001,0.0
v9_sc-line_eperm_s-519,519,line,eperm,0,confounded,1,1,64,2,256,20000,0.001,0.0
v9_sc-line_eperm_s-520,520,line,eperm,0,confounded,1,1,64,2,256,20000,0.001,0.0
v9_sc-line_eperm_s-521,521,line,eperm,0,confounded,1,1,64,2,256,20000,0.001,0.0
v9_sc-line_eperm_s-522,522,line,eperm,0,confounded,1,1,64,2,256,20000,0.001,0.0
v9_sc-line_eperm_s-523,523,line,eperm,0,confounded,1,1,64,2,256,20000,0.001,0.0
v9_sc-circle_a00_confounded_s-512,512,circle,a00_confounded,0,confounded,0,0,64,2,256,20000,0.001,0.0
v9_sc-circle_a00_confounded_s-513,513,circle,a00_confounded,0,confounded,0,0,64,2,256,20000,0.001,0.0
v9_sc-circle_a00_confounded_s-514,514,circle,a00_confounded,0,confounded,0,0,64,2,256,20000,0.001,0.0
v9_sc-circle_a00_confounded_s-515,515,circle,a00_confounded,0,confounded,0,0,64,2,256,20000,0.001,0.0
v9_sc-circle_a00_confounded_s-516,516,circle,a00_confounded,0,confounded,0,0,64,2,256,20000,0.001,0.0
v9_sc-circle_a00_confounded_s-517,517,circle,a00_confounded,0,confounded,0,0,64,2,256,20000,0.001,0.0
v9_sc-circle_a00_confounded_s-518,518,circle,a00_confounded,0,confounded,0,0,64,2,256,20000,0.001,0.0
v9_sc-circle_a00_confounded_s-519,519,circle,a00_confounded,0,confounded,0,0,64,2,256,20000,0.001,0.0
v9_sc-circle_a00_confounded_s-520,520,circle,a00_confounded,0,confounded,0,0,64,2,256,20000,0.001,0.0
v9_sc-circle_a00_confounded_s-521,521,circle,a00_confounded,0,confounded,0,0,64,2,256,20000,0.001,0.0
v9_sc-circle_a00_confounded_s-522,522,circle,a00_confounded,0,confounded,0,0,64,2,256,20000,0.001,0.0
v9_sc-circle_a00_confounded_s-523,523,circle,a00_confounded,0,confounded,0,0,64,2,256,20000,0.001,0.0
v9_sc-circle_a25_confounded_s-512,512,circle,a25_confounded,3,confounded,0,0,64,2,256,20000,0.001,0.0
v9_sc-circle_a25_confounded_s-513,513,circle,a25_confounded,3,confounded,0,0,64,2,256,20000,0.001,0.0
v9_sc-circle_a25_confounded_s-514,514,circle,a25_confounded,3,confounded,0,0,64,2,256,20000,0.001,0.0
v9_sc-circle_a25_confounded_s-515,515,circle,a25_confounded,3,confounded,0,0,64,2,256,20000,0.001,0.0
v9_sc-circle_a25_confounded_s-516,516,circle,a25_confounded,3,confounded,0,0,64,2,256,20000,0.001,0.0
v9_sc-circle_a25_confounded_s-517,517,circle,a25_confounded,3,confounded,0,0,64,2,256,20000,0.001,0.0
v9_sc-circle_a25_confounded_s-518,518,circle,a25_confounded,3,confounded,0,0,64,2,256,20000,0.001,0.0
v9_sc-circle_a25_confounded_s-519,519,circle,a25_confounded,3,confounded,0,0,64,2,256,20000,0.001,0.0
v9_sc-circle_a25_confounded_s-520,520,circle,a25_confounded,3,confounded,0,0,64,2,256,20000,0.001,0.0
v9_sc-circle_a25_confounded_s-521,521,circle,a25_confounded,3,confounded,0,0,64,2,256,20000,0.001,0.0
v9_sc-circle_a25_confounded_s-522,522,circle,a25_confounded,3,confounded,0,0,64,2,256,20000,0.001,0.0
v9_sc-circle_a25_confounded_s-523,523,circle,a25_confounded,3,confounded,0,0,64,2,256,20000,0.001,0.0
v9_sc-circle_a50_confounded_s-512,512,circle,a50_confounded,6,confounded,0,0,64,2,256,20000,0.001,0.0
v9_sc-circle_a50_confounded_s-513,513,circle,a50_confounded,6,confounded,0,0,64,2,256,20000,0.001,0.0
v9_sc-circle_a50_confounded_s-514,514,circle,a50_confounded,6,confounded,0,0,64,2,256,20000,0.001,0.0
v9_sc-circle_a50_confounded_s-515,515,circle,a50_confounded,6,confounded,0,0,64,2,256,20000,0.001,0.0
v9_sc-circle_a50_confounded_s-516,516,circle,a50_confounded,6,confounded,0,0,64,2,256,20000,0.001,0.0
v9_sc-circle_a50_confounded_s-517,517,circle,a50_confounded,6,confounded,0,0,64,2,256,20000,0.001,0.0
v9_sc-circle_a50_confounded_s-518,518,circle,a50_confounded,6,confounded,0,0,64,2,256,20000,0.001,0.0
v9_sc-circle_a50_confounded_s-519,519,circle,a50_confounded,6,confounded,0,0,64,2,256,20000,0.001,0.0
v9_sc-circle_a50_confounded_s-520,520,circle,a50_confounded,6,confounded,0,0,64,2,256,20000,0.001,0.0
v9_sc-circle_a50_confounded_s-521,521,circle,a50_confounded,6,confounded,0,0,64,2,256,20000,0.001,0.0
v9_sc-circle_a50_confounded_s-522,522,circle,a50_confounded,6,confounded,0,0,64,2,256,20000,0.001,0.0
v9_sc-circle_a50_confounded_s-523,523,circle,a50_confounded,6,confounded,0,0,64,2,256,20000,0.001,0.0
v9_sc-circle_a00_diverse_s-512,512,circle,a00_diverse,0,diverse,0,0,64,2,256,20000,0.001,0.0
v9_sc-circle_a00_diverse_s-513,513,circle,a00_diverse,0,diverse,0,0,64,2,256,20000,0.001,0.0
v9_sc-circle_a00_diverse_s-514,514,circle,a00_diverse,0,diverse,0,0,64,2,256,20000,0.001,0.0
v9_sc-circle_a00_diverse_s-515,515,circle,a00_diverse,0,diverse,0,0,64,2,256,20000,0.001,0.0
v9_sc-circle_a00_diverse_s-516,516,circle,a00_diverse,0,diverse,0,0,64,2,256,20000,0.001,0.0
v9_sc-circle_a00_diverse_s-517,517,circle,a00_diverse,0,diverse,0,0,64,2,256,20000,0.001,0.0
v9_sc-circle_a00_diverse_s-518,518,circle,a00_diverse,0,diverse,0,0,64,2,256,20000,0.001,0.0
v9_sc-circle_a00_diverse_s-519,519,circle,a00_diverse,0,diverse,0,0,64,2,256,20000,0.001,0.0
v9_sc-circle_a00_diverse_s-520,520,circle,a00_diverse,0,diverse,0,0,64,2,256,20000,0.001,0.0
v9_sc-circle_a00_diverse_s-521,521,circle,a00_diverse,0,diverse,0,0,64,2,256,20000,0.001,0.0
v9_sc-circle_a00_diverse_s-522,522,circle,a00_diverse,0,diverse,0,0,64,2,256,20000,0.001,0.0
v9_sc-circle_a00_diverse_s-523,523,circle,a00_diverse,0,diverse,0,0,64,2,256,20000,0.001,0.0
v9_sc-circle_a25_diverse_s-512,512,circle,a25_diverse,3,diverse,0,0,64,2,256,20000,0.001,0.0
v9_sc-circle_a25_diverse_s-513,513,circle,a25_diverse,3,diverse,0,0,64,2,256,20000,0.001,0.0
v9_sc-circle_a25_diverse_s-514,514,circle,a25_diverse,3,diverse,0,0,64,2,256,20000,0.001,0.0
v9_sc-circle_a25_diverse_s-515,515,circle,a25_diverse,3,diverse,0,0,64,2,256,20000,0.001,0.0
v9_sc-circle_a25_diverse_s-516,516,circle,a25_diverse,3,diverse,0,0,64,2,256,20000,0.001,0.0
v9_sc-circle_a25_diverse_s-517,517,circle,a25_diverse,3,diverse,0,0,64,2,256,20000,0.001,0.0
v9_sc-circle_a25_diverse_s-518,518,circle,a25_diverse,3,diverse,0,0,64,2,256,20000,0.001,0.0
v9_sc-circle_a25_diverse_s-519,519,circle,a25_diverse,3,diverse,0,0,64,2,256,20000,0.001,0.0
v9_sc-circle_a25_diverse_s-520,520,circle,a25_diverse,3,diverse,0,0,64,2,256,20000,0.001,0.0
v9_sc-circle_a25_diverse_s-521,521,circle,a25_diverse,3,diverse,0,0,64,2,256,20000,0.001,0.0
v9_sc-circle_a25_diverse_s-522,522,circle,a25_diverse,3,diverse,0,0,64,2,256,20000,0.001,0.0
v9_sc-circle_a25_diverse_s-523,523,circle,a25_diverse,3,diverse,0,0,64,2,256,20000,0.001,0.0
v9_sc-circle_a50_diverse_s-512,512,circle,a50_diverse,6,diverse,0,0,64,2,256,20000,0.001,0.0
v9_sc-circle_a50_diverse_s-513,513,circle,a50_diverse,6,diverse,0,0,64,2,256,20000,0.001,0.0
v9_sc-circle_a50_diverse_s-514,514,circle,a50_diverse,6,diverse,0,0,64,2,256,20000,0.001,0.0
v9_sc-circle_a50_diverse_s-515,515,circle,a50_diverse,6,diverse,0,0,64,2,256,20000,0.001,0.0
v9_sc-circle_a50_diverse_s-516,516,circle,a50_diverse,6,diverse,0,0,64,2,256,20000,0.001,0.0
v9_sc-circle_a50_diverse_s-517,517,circle,a50_diverse,6,diverse,0,0,64,2,256,20000,0.001,0.0
v9_sc-circle_a50_diverse_s-518,518,circle,a50_diverse,6,diverse,0,0,64,2,256,20000,0.001,0.0
v9_sc-circle_a50_diverse_s-519,519,circle,a50_diverse,6,diverse,0,0,64,2,256,20000,0.001,0.0
v9_sc-circle_a50_diverse_s-520,520,circle,a50_diverse,6,diverse,0,0,64,2,256,20000,0.001,0.0
v9_sc-circle_a50_diverse_s-521,521,circle,a50_diverse,6,diverse,0,0,64,2,256,20000,0.001,0.0
v9_sc-circle_a50_diverse_s-522,522,circle,a50_diverse,6,diverse,0,0,64,2,256,20000,0.001,0.0
v9_sc-circle_a50_diverse_s-523,523,circle,a50_diverse,6,diverse,0,0,64,2,256,20000,0.001,0.0
v9_sc-circle_imposed_s-512,512,circle,imposed,0,confounded,1,0,64,2,256,20000,0.001,0.0
v9_sc-circle_imposed_s-513,513,circle,imposed,0,confounded,1,0,64,2,256,20000,0.001,0.0
v9_sc-circle_imposed_s-514,514,circle,imposed,0,confounded,1,0,64,2,256,20000,0.001,0.0
v9_sc-circle_imposed_s-515,515,circle,imposed,0,confounded,1,0,64,2,256,20000,0.001,0.0
v9_sc-circle_imposed_s-516,516,circle,imposed,0,confounded,1,0,64,2,256,20000,0.001,0.0
v9_sc-circle_imposed_s-517,517,circle,imposed,0,confounded,1,0,64,2,256,20000,0.001,0.0
v9_sc-circle_imposed_s-518,518,circle,imposed,0,confounded,1,0,64,2,256,20000,0.001,0.0
v9_sc-circle_imposed_s-519,519,circle,imposed,0,confounded,1,0,64,2,256,20000,0.001,0.0
v9_sc-circle_imposed_s-520,520,circle,imposed,0,confounded,1,0,64,2,256,20000,0.001,0.0
v9_sc-circle_imposed_s-521,521,circle,imposed,0,confounded,1,0,64,2,256,20000,0.001,0.0
v9_sc-circle_imposed_s-522,522,circle,imposed,0,confounded,1,0,64,2,256,20000,0.001,0.0
v9_sc-circle_imposed_s-523,523,circle,imposed,0,confounded,1,0,64,2,256,20000,0.001,0.0
v9_sc-circle_eperm_s-512,512,circle,eperm,0,confounded,1,1,64,2,256,20000,0.001,0.0
v9_sc-circle_eperm_s-513,513,circle,eperm,0,confounded,1,1,64,2,256,20000,0.001,0.0
v9_sc-circle_eperm_s-514,514,circle,eperm,0,confounded,1,1,64,2,256,20000,0.001,0.0
v9_sc-circle_eperm_s-515,515,circle,eperm,0,confounded,1,1,64,2,256,20000,0.001,0.0
v9_sc-circle_eperm_s-516,516,circle,eperm,0,confounded,1,1,64,2,256,20000,0.001,0.0
v9_sc-circle_eperm_s-517,517,circle,eperm,0,confounded,1,1,64,2,256,20000,0.001,0.0
v9_sc-circle_eperm_s-518,518,circle,eperm,0,confounded,1,1,64,2,256,20000,0.001,0.0
v9_sc-circle_eperm_s-519,519,circle,eperm,0,confounded,1,1,64,2,256,20000,0.001,0.0
v9_sc-circle_eperm_s-520,520,circle,eperm,0,confounded,1,1,64,2,256,20000,0.001,0.0
v9_sc-circle_eperm_s-521,521,circle,eperm,0,confounded,1,1,64,2,256,20000,0.001,0.0
v9_sc-circle_eperm_s-522,522,circle,eperm,0,confounded,1,1,64,2,256,20000,0.001,0.0
v9_sc-circle_eperm_s-523,523,circle,eperm,0,confounded,1,1,64,2,256,20000,0.001,0.0
